grain,metric,group_A,group_B,A_mean,B_mean,mean_diff_A_minus_B,ci95_low,ci95_high,t_stat,t_pvalue,mannwhitney_u,mw_pvalue,n_A,n_B
vehicle,mean_downtime_hours,predictive,scheduled,0.13436762937213798,0.15368590155226702,-0.019318272180129048,-0.03479198783234185,-0.0038445565279162444,-2.446931206932217,0.014585141082258859,112200.0,0.0078987934750211,538,462
vehicle,breakdown_rate,predictive,scheduled,0.0034333319712637157,0.005849556615759749,-0.0024162246444960336,-0.0030448363327049894,-0.0017876129562870778,-7.533606788736851,1.26281599946108e-13,93571.0,2.2431840048821186e-12,538,462
record,downtime_hours,predictive,scheduled,0.134807096883151,0.15390700674545474,-0.019099909862303727,-0.03471672962709755,-0.0034830900975099024,-2.3971036358163995,0.01652619128393248,4864423224.0,3.6391677024134374e-06,106582,91469
record,breakdown_event_rate,predictive,scheduled,0.0034245932709087838,0.0058380434901442015,-0.0024134502192354177,-0.0030190593852918324,-0.0018078410531790028,-7.810772645639037,5.71606443363598e-15,4862710177.5,1.6428467306628724e-15,106582,91469
