model,roc_auc,pr_auc,best_threshold,precision,recall,f1_score,tn,fp,fn,tp,f1
Logistic Regression,0.5749604140741943,0.005566452178877494,0.005837727663411642,0.006715328467153186,0.20444444444435358,0.013003533562746444,42484,6804,179,46,0.013003533562746075
Random Forest,0.5810762141787948,0.04715024437471049,0.6359835202835941,0.2972972972964938,0.048888888888867166,0.0839694656245994,49262,26,214,11,0.08396946562453529
XGBoost,0.5746616710851413,0.008080297568985246,0.8269690871238708,0.030769230769218937,0.035555555555539756,0.03298969067190988,49036,252,217,8,0.03298969067189628
LightGBM,0.5761753593392125,0.00631010604075586,0.6276308859743204,0.008851931330471866,0.1466666666666015,0.01669618010563151,45593,3695,192,33,0.016696180105630662
