metric,treatment_mean,control_mean,diff_t_minus_c,test,stat,p_value,n_treat,n_control,mw_u,mw_p
harsh_acceleration_event_rate,0.029477350632118243,0.051738581656930314,-0.022261231024812072,chi2,639.5640535905385,4.1567315294406493e-141,108524,89527,,
braking_event_rate,0.10160886071283771,0.10195806851564332,-0.00034920780280560393,chi2,0.061680416095947974,0.8038594205869576,108524,89527,,
maintenance_cost_usd_mean,33.97306264052191,32.78798161448501,1.1850810260368974,welch_t,0.9771940384511858,0.3284743250419506,108524,89527,4845737296.5,0.3362477735812238
downtime_hours_mean,0.14607460100991487,0.14066292850201617,0.005411672507898702,welch_t,0.6787307307054744,0.49730931027447245,108524,89527,4859932793.0,0.351499929579298
