uplift_decile,obs_reduction,n_bin,n_treat,n_ctrl
D9,0.01500910456134337,4944,2613,2331
D8,0.019297148440678046,4944,2635,2309
D7,0.01442713165218858,4944,2672,2272
D6,0.013438020422247107,4944,2719,2225
D5,0.013417489750356532,4943,2710,2233
D4,0.02922794301175108,4944,2790,2154
D3,0.030857813976594612,4944,2782,2162
D2,0.01911316688740323,4944,2851,2093
D10,-0.0035265262832269023,4944,2505,2439
D1,0.0738149290962555,4944,2809,2135
