group,avg_risky_rate,n,diff,z_score,p_value
intervention,0.13275404518816114,108524,-0.020127208511839967,-12.777199049590426,0.0
control,0.1528812537000011,89527,-0.020127208511839967,-12.777199049590426,0.0
