grain,metric,group_A,group_B,A_mean,B_mean,mean_diff_A_minus_B,ci95_low,ci95_high,t_stat,t_pvalue,mannwhitney_u,mw_pvalue,n_A,n_B
vehicle,mean_downtime_hours,predictive,scheduled,0.14147847380275141,0.15949011994315299,-0.01801164614040157,-0.04096840876039906,0.004945116479595921,-1.537768121830708,0.12474560958755444,28031.0,0.058910499766840936,269,231
vehicle,breakdown_rate,predictive,scheduled,0.0038960429128527484,0.0059086637074385745,-0.002012620794585826,-0.002936356541352275,-0.0010888850478193773,-4.270338444444706,2.3635755566189784e-05,24242.5,1.0965099161704509e-05,269,231
record,downtime_hours,predictive,scheduled,0.1416650678103192,0.1594414118966968,-0.0177763440863776,-0.04026244104629438,0.0047097528735391865,-1.549446053185595,0.12127774989977028,1229594072.0,0.0021594332657356016,53163,46349
record,breakdown_event_rate,predictive,scheduled,0.003912495532607264,0.005911670154695894,-0.00199917462208863,-0.0028759236512639215,-0.0011224255929133385,-4.469135553860746,7.863264109792852e-06,1229562908.5,5.8675741826535385e-06,53163,46349
