feature,coef
maintenance_type,-2.53131839828278
rush_hour,-1.7182188609555615
device_generation,-0.6604553642301704
maintenance_x_vehicle_age,0.1930061668552477
gps_accuracy_meters,-0.078002811958986
idle_time_minutes,0.042256705749683925
vehicle_age_years,0.03368561661361594
packet_loss_rate,-0.025058912634450984
time_since_last_maintenance_days,-0.008344063442266717
speed,0.005086489791739538
data_latency_ms,-0.0024744948808940776
sensor_battery,0.0014636140717875787
