model,roc_auc,pr_auc,best_threshold,precision,recall,f1_score,tn,fp,fn,tp,f1
Logistic Regression,0.5542036917360045,0.005675348601234187,0.006182000278642045,0.007892659826360861,0.08333333333326388,0.014419610654705425,23501,1257,110,10,0.014419610654703346
Random Forest,0.5444078681638258,0.005485987232032692,0.2332380376184811,0.007882882882881994,0.05833333333328472,0.013888888867913831,23877,881,113,7,0.013888888867911075
XGBoost,0.5104639577779573,0.005643502841464738,0.7837445735931396,0.01657458563534996,0.024999999999979167,0.019933554769329256,24580,178,117,3,0.019933554769316013
LightGBM,0.5488741013005897,0.005952700658285379,0.597953110396917,0.00835755813953458,0.19166666666650695,0.016016713083914617,22029,2729,97,23,0.0160167130839135
