group,avg_risky_rate,n,diff,z_score,p_value
intervention,0.13213350665519324,54619,-0.02138708675580625,-9.624227156320604,0.0
control,0.1535205934109995,44893,-0.02138708675580625,-9.624227156320604,0.0
