metric,treatment_mean,control_mean,diff_t_minus_c,test,stat,p_value,n_treat,n_control,mw_u,mw_p
harsh_acceleration_event_rate,0.028781193357622806,0.052034838393513465,-0.02325364503589066,chi2,352.52587227319407,1.194264990970835e-78,54619,44893,,
braking_event_rate,0.10139328804994599,0.10262178958857729,-0.0012285015386312992,chi2,0.3928738987925695,0.530792613812376,54619,44893,,
maintenance_cost_usd_mean,34.95838774052985,34.09931013743791,0.85907760309194,welch_t,0.48484249764008236,0.6277891744734585,54619,44893,1224408975.0,0.7233182858127325
downtime_hours_mean,0.1515445174756037,0.14799812888423586,0.003546388591367855,welch_t,0.3076827449640047,0.7583244205729575,54619,44893,1226704712.5,0.3765644536942595
