uplift_decile,obs_reduction,n_bin,n_treat,n_ctrl
D9,0.02642837765844443,2484,1355,1129
D8,0.03215140924405414,2485,1373,1112
D7,0.012575485988634776,2484,1367,1117
D6,0.01650237840455529,2485,1329,1156
D5,0.024249577088005035,2484,1374,1110
D4,0.0386012073193737,2484,1368,1116
D3,-0.003996732026143791,2485,1360,1125
D2,0.027231562453404207,2484,1358,1126
D10,0.02347226780439777,2485,1385,1100
D1,0.03481698036911457,2485,1367,1118
